{"cameraMode":{"drawMode":0,"name":"Shaded","section":"Shading Mode"},"sceneLighting":true,"audioPlay":false,"sceneViewState":{"showFog":true,"showMaterialUpdate":false,"showSkybox":true,"showFlares":true,"showImageEffects":true,"showParticleSystems":true,"showVisualEffectGraphs":true,"m_FxEnabled":true},"in2DMode":false,"pivot":{"x":1.9786287546157838,"y":0.7563161849975586,"z":0.1807107925415039},"rotation":{"x":-0.04647813364863396,"y":-0.014688069932162762,"z":0.0006832159124314785,"w":-0.9988108277320862},"size":3.5660250186920168,"orthographic":false}