{"cameraMode":{"drawMode":0,"name":"Shaded","section":"Shading Mode"},"sceneLighting":true,"audioPlay":false,"sceneViewState":{"showFog":true,"showMaterialUpdate":false,"showSkybox":false,"showFlares":true,"showImageEffects":true,"showParticleSystems":true},"in2DMode":false,"pivot":{"x":171.38990783691407,"y":-174.70860290527345,"z":48.17451477050781},"rotation":{"x":-0.0014999390114098788,"y":0.008999867364764214,"z":0.000013499803571903612,"w":0.9999582767486572},"size":905.3042602539063,"orthographic":true}